State,Revenue District,Centre,Capacity completed but some minor ancillary works are pending,Capacity completed,Total Completed
Punjab,Amritsar,Beas,NA,32300,32300
Punjab,Amritsar,Chheratta,NA,120725,120725
Punjab,Amritsar,Chheratta,NA,5000,5000
Punjab,Amritsar,Chheratta,NA,32850,32850
Punjab,Amritsar,Jandiala,NA,82500,82500
Punjab,Amritsar,Taran taran,NA,111400,111400
Punjab,Barnala,Barnala,NA,30000,30000
Punjab,Barnala,Barnala,NA,62500,62500
Punjab,Bathinda,Bhatinda,NA,54900,54900
Punjab,Bathinda,Bhatinda,NA,35000,35000
Punjab,Bathinda,Goniana,NA,43000,43000
Punjab,Bathinda,Maur Mandi,NA,57500,57500
Punjab,Bathinda,Raman,NA,100700,100700
Punjab,Bathinda,Rampurphool,NA,127530,127530
Punjab,F.G. Sahib,Mandi Gobindgarh,NA,5000,5000
Punjab,F.G. Sahib,Mandi Gobindgarh,NA,6200,6200
Punjab,F.G. Sahib,Sirhind,NA,53700,53700
Punjab,Faridkot,Jaitu,NA,39500,39500
Punjab,Faridkot,Kotkapura,NA,69334,69334
Punjab,Faridkot,Faridkot,NA,71700,71700
Punjab,Faridkot,Faridkot,NA,10800,10800
Punjab,Faridkot,Gidderbha,NA,82500,82500
Punjab,Ferozepur,Abohar,NA,197800,197800
Punjab,Ferozepur,Fazilka,NA,143800,143800
Punjab,Ferozepur,Firozpur,NA,55700,55700
Punjab,Ferozepur,Firozpur,NA,50000,50000
Punjab,Ferozepur,Guruharsahai,NA,46700,46700
Punjab,Ferozepur,Makhu,NA,79100,79100
Punjab,Ferozepur,Talwandi Bhai,NA,32300,32300
Punjab,Gurdaspur,Gurdaspur,NA,10000,10000
Punjab,Gurdaspur,Gurdaspur,NA,3900,3900
Punjab,Gurdaspur,Dhariwal,NA,21500,21500
Punjab,Jalandhar,Nakodar,NA,13850,13850
Punjab,Jalandhar,Nakodar,NA,22050,22050
Punjab,Jalandhar,Nawasahar,NA,12800,12800
Punjab,Jalandhar,Nawasahar,NA,23100,23100
Punjab,Jalandhar,Nurmahal,NA,16550,16550
Punjab,Jalandhar,Nurmahal,NA,15750,15750
Punjab,Jalandhar,Phillaur,NA,46700,46700
Punjab,Jalandhar,Shahkot,NA,35900,35900
Punjab,Kapurthala,Kapurthala,NA,33480,33480
Punjab,Kapurthala,Kapurthala,NA,51307,51307
Punjab,Kapurthala,Phagwara,NA,14600,14600
Punjab,Kapurthala,S. P. Lodhi,NA,14300,14300
Punjab,Ludhiana,Jagraon,NA,35000,35000
Punjab,Ludhiana,Mullanpur,NA,32600,32600
Punjab,Ludhiana,Mullanpur,NA,17700,17700
Punjab,Mansa,Bareta,NA,50000,50000
Punjab,Mansa,Mansa,NA,48300,48300
Punjab,Mansa,Mansa,NA,1100,1100
Punjab,Mansa,Budhlada,NA,133000,133000
Punjab,Moga,Ajitwal,NA,74000,74000
Punjab,Moga,Moga,NA,185520,185520
Punjab,Moga,Moga,NA,15850,15850
Punjab,Muktsar,Malout,NA,197500,197500
Punjab,Muktsar,Muktsar,NA,222900,222900
Punjab,Nawanshehar,Banga,NA,10200,10200
Punjab,Patiala,Nabha,NA,120800,120800
Punjab,Patiala,Patiala,NA,220000,220000
Punjab,Ropar,Kurali,NA,5000,5000
Punjab,Ropar,Ropar,NA,5000,5000
Punjab,Ropar,Morinda,NA,10000,10000
Punjab,Sangrur,Jakhal,NA,143840,143840
Punjab,Sangrur,Malerkotla,NA,57650,57650
Punjab,Sangrur,Dhuri,NA,67939,67939
Punjab,Sangrur,Ahmedgarh,NA,20500,20500
Punjab,Sangrur,Ahmedgarh,NA,10000,10000
Punjab,Sangrur,Ahmedgarh,NA,1800,1800
Punjab,Sangrur,Bhuchhu,NA,75500,75500
Punjab,Sangrur,Lehragaga,NA,46700,46700
Punjab,Sangrur,Patti,NA,244500,244500
Punjab,Sangrur,Sangrur,NA,8350,8350
Punjab,Sangrur,Sangrur,NA,16500,16500
Punjab,Sangrur,Sunam,NA,102200,102200
Punjab,Sangrur,Sunam,NA,12750,12750
Punjab,Sangrur,Tapa,NA,46700,46700
Total,Total,Total,NA,4415225,4415225
Uttar Pradesh,Allahabad,Allahabad,NA,4000,4000
Uttar Pradesh,Auria,Auria,NA,NA,NA
Uttar Pradesh,Azamgarh,Azamgarh,NA,75000,75000
Uttar Pradesh,Badaun,Badaun,NA,49080,49080
Uttar Pradesh,Balia,Balia,NA,15000,15000
Uttar Pradesh,Balrampur,Balrampur,NA,15000,15000
Uttar Pradesh,Balrampur,Balrampur,NA,5000,5000
Uttar Pradesh,Banda,Banda,NA,20000,20000
Uttar Pradesh,Barabanki,Barabanki,NA,6680,6680
Uttar Pradesh,Bareilly,Bareilly,NA,95000,95000
Uttar Pradesh,Behraich,Behraich,NA,80000,80000
Uttar Pradesh,C.S. M. Nagar,C.S. M. Nagar,NA,31000,31000
Uttar Pradesh,Chitrakoot,Chitrakoot,NA,8000,8000
Uttar Pradesh,Farrukhabad,Farrukhabad,NA,5000,5000
Uttar Pradesh,Farrukhabad,Farukhabad,NA,10000,10000
Uttar Pradesh,G. B. Nagar,G. B. Nagar,NA,10000,10000
Uttar Pradesh,Gazipur,Gazipur,NA,10000,10000
Uttar Pradesh,Gonda,Gonda,NA,35000,35000
Uttar Pradesh,Hardoi,Hardoi,NA,7500,7500
Uttar Pradesh,Hardoi,Hardoi,NA,15000,15000
Uttar Pradesh,Hardoi,Hardoi,NA,2200,2200
Uttar Pradesh,Jhansi,Jhansi,NA,15000,15000
Uttar Pradesh,Kausambi,Kausambi,NA,10000,10000
Uttar Pradesh,Kushinagar,Kushinagar,NA,90000,90000
Uttar Pradesh,Lakhimpur Kheri,Lakhimpur Kheri,NA,75000,75000
Uttar Pradesh,Lalitpur,Lalitpur,NA,15000,15000
Uttar Pradesh,Maharajganj,Maharajganj,NA,50000,50000
Uttar Pradesh,Mahoba,Mahoba,NA,15000,15000
Uttar Pradesh,Mau,Mau,NA,20000,20000
Uttar Pradesh,Mirzapur,Mirzapur,NA,40000,40000
Uttar Pradesh,Pilibhit,Pilibhit,NA,90000,90000
Uttar Pradesh,Pratapgarh,Pratapgarh,NA,5000,5000
Uttar Pradesh,Rai Bareilly,Rai Bareilly,NA,2000,2000
Uttar Pradesh,S K Nagar,S K Nagar,NA,5000,5000
Uttar Pradesh,Shahjahanpur,Shahjahanpur,NA,86000,86000
Uttar Pradesh,Shahjahanpur,Shahjahanpur,NA,8000,8000
Uttar Pradesh,Shrawasti,Shrawasti,NA,10000,10000
Uttar Pradesh,Siddharth Nagar,Siddharth Nagar,NA,55000,55000
Uttar Pradesh,Sitapur,Sitapur,NA,60000,60000
Uttar Pradesh,Sultanpur,Sultanpur,NA,10000,10000
Uttar Pradesh,Sultanpur (Jaferganj),Sultanpur (Jaferganj),NA,2000,2000
Uttar Pradesh,Firozabad,Firozabad,NA,10000,10000
Uttar Pradesh,Etah,Etah,NA,10000,10000
Uttar Pradesh,Bulandshahar,Bulandshahar,NA,10000,10000
Uttar Pradesh,Banda,Banda,NA,5000,5000
Uttar Pradesh,Etawah,Etawah,NA,10000,10000
Uttar Pradesh,Farrukhabad,Farrukhabad,NA,5000,5000
Uttar Pradesh,Sitapur,Sitapur,NA,10000,10000
Uttar Pradesh,Hardoi,Hardoi,NA,11667,11667
Total,Total,Total,NA,1233127,1233127
Haryana,Ambala,Ambala,NA,55000,55000
Haryana,Bhiwani,Bhiwani,NA,27500,27500
Haryana,Faridabad,Palwal,NA,17392,17392
Haryana,Faridabad,Palwal,NA,115000,115000
Haryana,Fatehabad,Tohana,NA,5000,5000
Haryana,Fatehabad,Tohana,NA,5000,5000
Haryana,Fatehabad,Tohana (Fatehabad),NA,10000,10000
Haryana,Fatehabad,Tohana,NA,104630,104630
Haryana,Fatehabad,Bhattu,NA,67100,67100
Haryana,Fatehabad,Bhattu,NA,121030,121030
Haryana,Fatehabad,Bhattu,NA,61670,61670
Haryana,Fatehabad,Jakhal,NA,10000,10000
Haryana,Fatehabad,Jakhal,NA,50960,50960
Haryana,Hisar,Adampur,NA,70000,70000
Haryana,Hisar,Barwala,NA,33936,33936
Haryana,Hisar,Barwala,NA,176064,176064
Haryana,Hisar,Hansi,NA,29418,29418
Haryana,Hisar,Hansi,NA,90000,90000
Haryana,Hisar,Hissar,NA,35000,35000
Haryana,Jind,Jind,NA,20000,20000
Haryana,Jind,Jind,NA,90000,90000
Haryana,Jind,Narwana,NA,102700,102700
Haryana,Jind,Safidon,NA,114440,114440
Haryana,Jind,Uchana,NA,5000,5000
Haryana,Jind,Uchana,NA,112270,112270
Haryana,Kaithal,Kaithal,NA,100000,100000
Haryana,Kaithal,Dhand,NA,136970,136970
Haryana,Karnal,Karnal,NA,106275,106275
Haryana,Karnal,Karnal,NA,23725,23725
Haryana,Karnal,Taraori,NA,19600,19600
Haryana,Karnal,Taraori,NA,54560,54560
Haryana,Panipat,Panipat,NA,115040,115040
Haryana,Panipat,Panipat,NA,11250,11250
Haryana,Rohtak,Rohtak,NA,111700,111700
Haryana,Rohtak,Rohtak,NA,33350,33350
Haryana,Sonepat,Sonepat,NA,39200,39200
Haryana,Sonepat,Sonepat,NA,50740,50740
Haryana,Sonepat,Gohana,NA,80151,80151
Haryana,Sirsa,Dabwali,NA,210000,210000
Haryana,Sirsa,Ellenabad,NA,30000,30000
Haryana,Sirsa,Ellenabad,NA,164450,164450
Haryana,Sirsa,Kalanwali,NA,90000,90000
Haryana,Sirsa,Kalanwali,NA,48870,48870
Haryana,Sirsa,Sirsa,NA,45575,45575
Haryana,Sirsa,Sirsa (Panniwala),NA,118740,118740
Haryana,Sirsa,Sirsa,NA,168653,168653
Haryana,Kurukshetra,Kurukshetra (Pipali),NA,7500,7500
Haryana,Kurukshetra,Kurukshetra,NA,52500,52500
Haryana,Kurukshetra,Shahbad,NA,70000,70000
Haryana,Yamuna Nagar,Jagdhari,NA,6670,6670
Haryana,Yamuna Nagar,Jagadhari,NA,32000,32000
Total,Total,Total,NA,3456629,3456629
Rajasthan,Banswara,Banswara,NA,10000,10000
Rajasthan,Banswara,Banswara,NA,5000,5000
Rajasthan,Barmer,Barmer,NA,5000,5000
Rajasthan,Barmer,Barmer,NA,15000,15000
Rajasthan,Bhilwara,Bhilwara,NA,25000,25000
Rajasthan,Churu,Churu,NA,18000,18000
Rajasthan,Dungarpur,Dungarpur,NA,40000,40000
Rajasthan,Jalore,Jalore,NA,5000,5000
Rajasthan,Jhalawar,Jhalawar,NA,5000,5000
Rajasthan,Jhalawar,Jhalawar,NA,7500,7500
Rajasthan,Karoli,Karoli,NA,10000,10000
Rajasthan,Pali,Pali,NA,5000,5000
Rajasthan,Pratapgarh,Pratapgarh,NA,17500,17500
Rajasthan,Rajsamand,Rajsamand,40000,NA,40000
Rajasthan,Sirohi,Sirohi,12000,NA,12000
Total,Total,Total,52000,168000,220000
Himachal Pradesh,Kangara,Dehra,NA,2500,2500
Himachal Pradesh,Kangara,Ranital,NA,5000,5000
Himachal Pradesh,Mandi,Sarkaghat,5000,NA,5000
Himachal Pradesh,Sirmaur,Nahan,NA,11670,11670
Total,Total,Total,5000,19170,24170
West Bengal,East Midnapur,Tamluk,NA,20000,20000
West Bengal,East Midnapur,Egra,NA,10000,10000
West Bengal,West Midnapur,Kharagpur,NA,3600,3600
West Bengal,West Midnapur,C.K.Road,NA,26500,26500
West Bengal,Murshidabad,Behrampore,NA,11600,11600
West Bengal,Murshidabad,Sargachi,NA,2400,2400
West Bengal,Howrah,Ulberia,NA,10270,10270
West Bengal,Jalpaiguri,Raninagar,NA,15000,15000
West Bengal,Malda,Malda,NA,7400,7400
West Bengal,Burdwan,Memari,NA,5000,5000
West Bengal,Burdwan,Guskara,NA,5000,5000
West Bengal,Burdwan,Monteshwar,NA,5000,5000
West Bengal,Burdwan,Ketugram,NA,5000,5000
West Bengal,Burdwan,Bhatar,NA,5000,5000
West Bengal,Birbhum,Bolepur,NA,5000,5000
West Bengal,Birbhum,Sainthia,NA,5000,5000
West Bengal,24-PGS (North),Basirhat,NA,5000,5000
Total,Total,Total,NA,146770,146770
Bihar,Bhojpur,Arrah,NA,5000,5000
Bihar,Begusarai,Begusarai,NA,15000,15000
Bihar,Begusarai,Begusarai,NA,5000,5000
Bihar,Patna,Bihta,NA,5000,5000
Bihar,Saran,Chhapra,NA,10000,10000
Bihar,Khagiriya,Khagiriya,NA,10000,10000
Bihar,Khagiriya,Khagiriya,10000,NA,10000
Bihar,E. Champaran,Motihari,NA,5000,5000
Bihar,E. Champaran,Motihari,NA,20000,20000
Bihar,Samastipur,Samastipur,NA,10000,10000
Bihar,Rohtas,Sasaram,NA,5000,5000
Bihar,Bhagalpur,Munger,NA,10000,10000
Bihar,W.Champaran,Bettiah,NA,20000,20000
Bihar,Kaimur,Mohaniya,NA,15000,15000
Total,Total,Total,10000,135000,145000
Odisha,Bhadarak,Bhadarak,NA,10000,10000
Odisha,Bolangir,Bolangir,NA,20000,20000
Odisha,Boudh,Boudh,NA,5000,5000
Odisha,Boudh,Charichak,NA,5000,5000
Odisha,Puri,Brahmagiri,NA,5000,5000
Odisha,Puri,Puri-Nimapara,NA,5000,5000
Odisha,Deogarh,Deogarh,NA,5000,5000
Odisha,Kendrapada,Derabish,NA,5000,5000
Odisha,Kendrapada,Kendrapara-Marsaghai,NA,10000,10000
Odisha,Jajpur,Dhanmandal,NA,7500,7500
Odisha,Jajpur,Panikoli,NA,5000,5000
Odisha,Dhenknal,Dhenknal,NA,5000,5000
Odisha,Ganjam,Ganjam_Aska,NA,10000,10000
Odisha,Jagatsinghpur,Jagatsinghpur,NA,7000,7000
Odisha,Kalahandi,Kalahandi-Junagarh,NA,12000,12000
Odisha,Kalahandi,Kalahandi-Koksara,NA,13000,13000
Odisha,Bargarh,Kendupali,NA,7500,7500
Odisha,Bargarh,Kendupali,NA,40000,40000
Odisha,Bargarh,Kendupali,NA,2500,2500
Odisha,Khurda,Khurda-Jatni,NA,15000,15000
Odisha,Malkanagiri,Malkanagiri,NA,5000,5000
Odisha,Mayurbhanj,Mayurbhanj-Karanjia,NA,5000,5000
Odisha,Mayurbhanj,Rairangpur,NA,5000,5000
Odisha,Nayagarh,Nayagarh,NA,10000,10000
Odisha,Nowrangpur,Nowrangpur,NA,10000,10000
Odisha,Nuapada,Nuapada-Dumerpani,NA,5000,5000
Odisha,Nuapada,Nuapada-Rajkhariar,NA,5000,5000
Odisha,Sambalpur,Sambalpur-A. Katapalli,NA,10000,10000
Odisha,Sambalpur,Sambalpur-Kalamati,NA,10000,10000
Odisha,Subaranapur,Subaranapur_Sonpur,NA,10000,10000
Odisha,Subaranapur,Subaranapur_Sonpur,NA,10000,10000
Total,Total,Total,NA,279500,279500
Chhattisgarh,Janjgir,Akaltara,NA,18740,18740
Chhattisgarh,Janjgir,Baradwar,NA,9640,9640
Chhattisgarh,Janjgir,Champa,NA,10000,10000
Chhattisgarh,Janjgir,Janjgir,NA,18740,18740
Chhattisgarh,Janjgir,Sakti,NA,9640,9640
Chhattisgarh,Janjgir,Akaltara,NA,10000,10000
Chhattisgarh,Janjgir,Janjgir,NA,10000,10000
Chhattisgarh,Janjgir,Faguram,NA,10000,10000
Chhattisgarh,Sarguja,Ambikapur,NA,5000,5000
Chhattisgarh,Sarguja,Bishrampur,NA,5000,5000
Chhattisgarh,Sarguja,Surajpur,NA,10000,10000
Chhattisgarh,Mahasamund,Bagbahara,NA,9440,9440
Chhattisgarh,Mahasamund,Basna,NA,10000,10000
Chhattisgarh,Mahasamund,Mahasamund,NA,15000,15000
Chhattisgarh,Mahasamund,Pithora,NA,5000,5000
Chhattisgarh,Mahasamund,Saraipali,NA,10000,10000
Chhattisgarh,Mahasamund,Mahasamund,NA,20000,20000
Chhattisgarh,Mahasamund,Bagbahara,NA,20000,20000
Chhattisgarh,Mahasamund,Basna,NA,8350,8350
Chhattisgarh,Mahasamund,Pithora,NA,5000,5000
Chhattisgarh,Kanker,Bhanupratappur,NA,5000,5000
Chhattisgarh,Kanker,Kanker,NA,5000,5000
Chhattisgarh,Kanker,Charama,NA,5000,5000
Chhattisgarh,Kanker,Kanker,NA,13360,13360
Chhattisgarh,Kanker,Charama,NA,6680,6680
Chhattisgarh,Balodabazar,Bhatapara,NA,5000,5000
Chhattisgarh,Bilaspur,Bilaspur,0,13000,13000
Chhattisgarh,Bilaspur,Bilha,NA,5000,5000
Chhattisgarh,Jagdalpur,Jagdalpur,NA,11120,11120
Chhattisgarh,Jagdalpur,Kondagaon,NA,5000,5000
Chhattisgarh,Raigarh,Kharsia,NA,14070,14070
Chhattisgarh,Raigarh,Loharsingh,NA,14270,14270
Chhattisgarh,Raigarh,Raigarh,NA,12000,12000
Chhattisgarh,Raigarh,Raigarh,NA,10000,10000
Chhattisgarh,Raigarh,Kharsia,NA,10000,10000
Chhattisgarh,Dhamtari,Dhamtari,NA,20000,20000
Chhattisgarh,Dhamtari,Kurud,NA,13360,13360
Chhattisgarh,Balod,Balod (Durg),NA,20000,20000
Chhattisgarh,Raipur,Abhanpur(Raipur),NA,10000,10000
Chhattisgarh,Durg,Bhilai Karanja,NA,13300,13300
Chhattisgarh,Mungeli,Mungeli,NA,5000,5000
Chhattisgarh,Bastar,Keshloor,NA,7800,7800
Chhattisgarh,Kondagaon,Keshkal,NA,5000,5000
Chhattisgarh,Jashpur,Patthalgaon,NA,6680,6680
Chhattisgarh,Korba,Korba,NA,5000,5000
Chhattisgarh,Koria,Baikunthpur,NA,5000,5000
Chhattisgarh,Koria,Manendragarh,NA,5000,5000
Chhattisgarh,Kawardha,Kawardha,NA,5000,5000
Total,Total,Total,NA,475190,475190
Madhya Pradesh,Alirajpur,Alirajpur,NA,10000,10000
Madhya Pradesh,Ashok Nagar,Ashok Nagar,NA,16000,16000
Madhya Pradesh,Badwani,Badwani,20000,NA,20000
Madhya Pradesh,Balaghat,Balaghat,NA,8900,8900
Madhya Pradesh,Balaghat,Balaghat,NA,5000,5000
Madhya Pradesh,Betul,Betul,NA,20000,20000
Madhya Pradesh,Betul,Betul,NA,11000,11000
Madhya Pradesh,Bhind,Bhind,NA,10000,10000
Madhya Pradesh,Rajgarh,Biora,NA,25000,25000
Madhya Pradesh,Rajgarh,Biora,NA,13000,13000
Madhya Pradesh,Chhindwara,Chhindwara,NA,14600,14600
Madhya Pradesh,Chhindwara,Chhindwara,NA,27000,27000
Madhya Pradesh,Chhindwara,Chhindwara,NA,10000,10000
Madhya Pradesh,Gwalior,Dabra,NA,25000,25000
Madhya Pradesh,Damoh,Damoh,NA,31000,31000
Madhya Pradesh,Raisen,Devatia (Raisen),22500,0,22500
Madhya Pradesh,Dhar,Dhamnod,NA,20000,20000
Madhya Pradesh,Dhar,Dhar,NA,18760,18760
Madhya Pradesh,Dindori,Dindori,NA,10000,10000
Madhya Pradesh,Vidisha,Ganjbasoda,NA,15600,15600
Madhya Pradesh,Hosangabad,Hathnapur,NA,10300,10300
Madhya Pradesh,Indore,Indore,NA,25000,25000
Madhya Pradesh,Katni,Katni,NA,5000,5000
Madhya Pradesh,Katni,Katni,NA,20600,20600
Madhya Pradesh,Khandwa,Khandwa,NA,13000,13000
Madhya Pradesh,Khargone,Khargone,NA,21000,21000
Madhya Pradesh,Harda,Kheda,70000,0,70000
Madhya Pradesh,Ratlam,Mahidpur,NA,11000,11000
Madhya Pradesh,Satna,Maihar (Satna),NA,17000,17000
Madhya Pradesh,Mandla,Mandla,NA,5000,5000
Madhya Pradesh,Jhabua,Meghnagar,NA,7500,7500
Madhya Pradesh,Morena,Morena,NA,10000,10000
Madhya Pradesh,Betul,Multai,NA,5000,5000
Madhya Pradesh,Narsinghpur,Narsinghpur,NA,6400,6400
Madhya Pradesh,Sehore,Nasarullaganj,NA,11000,11000
Madhya Pradesh,Neemuch,Neemuch,NA,9000,9000
Madhya Pradesh,Tikamgarh,Niwari,NA,14000,14000
Madhya Pradesh,Mandla,Niwas,NA,25000,25000
Madhya Pradesh,Raisen,Obedullaganj,NA,20000,20000
Madhya Pradesh,Panna,Panna,NA,12000,12000
Madhya Pradesh,Dhar,Pitampur (Dhar),NA,10000,10000
Madhya Pradesh,Hosangabad,Powerkheda,NA,53300,53300
Madhya Pradesh,Raisen,Raisen,NA,5000,5000
Madhya Pradesh,Raisen,Raisen,NA,10000,10000
Madhya Pradesh,Rajgarh,Rajgarh,20000,NA,20000
Madhya Pradesh,Rewa,Rewa,NA,25000,25000
Madhya Pradesh,Hosangabad,Samnapur,35000,NA,35000
Madhya Pradesh,Khargone,Sanawad,NA,15000,15000
Madhya Pradesh,Sehore,Sehore,NA,20000,20000
Madhya Pradesh,Seoni,Seoni,NA,13750,13750
Madhya Pradesh,Seoni,Seoni,NA,22980,22980
Madhya Pradesh,Seoni,Seoni,NA,10000,10000
Madhya Pradesh,Seoni,Seoni,NA,8000,8000
Madhya Pradesh,Shahdol,Shahdol,NA,20000,20000
Madhya Pradesh,Shajapur,Maksi (Shajapur),NA,10000,10000
Madhya Pradesh,Shajapur,Shajapur,NA,10000,10000
Madhya Pradesh,Sheopur,Sheopur Kalan,NA,20000,20000
Madhya Pradesh,Sheopur,Sheopur,9500,NA,9500
Madhya Pradesh,Shivpuri,Shivpuri,NA,5000,5000
Madhya Pradesh,Shivpuri,Shivpuri,NA,36000,36000
Madhya Pradesh,Harda,Sultanpur,NA,50000,50000
Madhya Pradesh,Damoh,Tendukheda,NA,5000,5000
Madhya Pradesh,Tikamgarh,Tikamgarh,NA,20000,20000
Madhya Pradesh,Ujjain,Ujjain,NA,20000,20000
Madhya Pradesh,Ujjain,Ujjain (Maksi),NA,10000,10000
Madhya Pradesh,Umaria,Umaria,NA,18000,18000
Total,Total,Total,177000,955690,1132690
Maharashtra,Ahmednagar,Ahmednagar,NA,22960,22960
Maharashtra,Akola,Akola,NA,17400,17400
Maharashtra,Aurangabad,Aurangabad,NA,20000,20000
Maharashtra,Aurangabad,Aurangabad,NA,25000,25000
Maharashtra,Amravati,Badnera,NA,25000,25000
Maharashtra,Pune,Baramati,NA,6000,6000
Maharashtra,Pune,Baramati,NA,10000,10000
Maharashtra,Chandrapur,Brahmpuri,NA,11000,11000
Maharashtra,Chandrapur,Chandrapur,NA,29105,29105
Maharashtra,Buldhana,Khamgaon,NA,35000,35000
Maharashtra,Solapur,Chincholi,NA,11200,11200
Maharashtra,Dhule,Dhule,NA,10000,10000
Maharashtra,Dhule,Dondaicha,NA,13860,13860
Maharashtra,Gondia,Gondia,NA,15000,15000
Maharashtra,Jalgaon,Jalgaon,NA,25200,25200
Maharashtra,Jalgaon,Jalgaon,NA,13000,13000
Maharashtra,Jalna,Jalna,NA,30000,30000
Maharashtra,Buldhana,Khamgaon,NA,6000,6000
Maharashtra,Sindhu Durg,Kudal,NA,7000,7000
Maharashtra,Solapur,Kurudwadi,NA,18000,18000
Maharashtra,Latur,Latur,NA,8870,8870
Maharashtra,Latur,Latur,NA,10000,10000
Maharashtra,Satara,Lonand,NA,8232,8232
Maharashtra,Osmanabad,Osmanabad,NA,40000,40000
Maharashtra,Parbhani,Parbhani,NA,30000,30000
Maharashtra,Beed,Parli vaijnath,NA,17500,17500
Maharashtra,Ratnagiri,Ratnagiri,NA,23340,23340
Maharashtra,Satara,Satara,NA,20860,20860
Maharashtra,Washim,Washim,NA,30000,30000
Maharashtra,Yeotmal,Yeotmal,NA,10000,10000
Maharashtra,Yeotmal,Yeotmal,NA,15000,15000
Total,Total,Total,NA,564527,564527
Andhra Pradesh,East Godavari,Biccavolu,NA,30000,30000
Andhra Pradesh,East Godavari,Dwarapudi,NA,5000,5000
Andhra Pradesh,Vizianagaram,Bobbili,NA,6000,6000
Andhra Pradesh,Prakasam,Chirala,NA,5800,5800
Andhra Pradesh,West Godavari,Palakole,NA,5000,5000
Andhra Pradesh,Srikakulum,Amadalavalasa,NA,20000,20000
Andhra Pradesh,Srikakulum,Tekkali,NA,16000,16000
Total,Total,Total,NA,87800,87800
Telengana,Nizamabad,Bodhan,NA,20000,20000
Telengana,Mahbubnagar,Gadwal,NA,10000,10000
Telengana,Warangal,Jangoan,NA,10000,10000
Telengana,Warangal,Nekkonda,NA,50000,50000
Telengana,Nalgonda,Mellachervu,31000,NA,31000
Telengana,Nalgonda,Nagireddipalli,NA,50000,50000
Telengana,Nizamabad,Nizamabad,NA,60000,60000
Telengana,Karimnagar,Sultanabad,NA,38000,38000
Total,Total,Total,31000,238000,269000
Karnataka,Chamrajnagar,Chamrajnagar,NA,10000,10000
Karnataka,Chitradurga,Chitradurga,NA,27000,27000
Karnataka,Gadag,Gadag,NA,18520,18520
Karnataka,Gulberga,Gulberga,NA,32000,32000
Karnataka,Davengere,Harihara,NA,6500,6500
Karnataka,Hassan,Hassan,NA,9000,9000
Karnataka,Haveri,Haveri,NA,15000,15000
Karnataka,Kopal,Kopal,NA,20000,20000
Karnataka,Mandya,Mandya,NA,3000,3000
Karnataka,Mysore,Mysore,NA,13000,13000
Karnataka,Mysore,Mysore,NA,7000,7000
Karnataka,Raichur,Raichur,NA,5750,5750
Karnataka,Raichur,Raichur,NA,23000,23000
Karnataka,Yadagir,Yadagir,NA,15000,15000
Total,Total,Total,0,204770,204770
Tamilnadu,Ariyalur,Ariyalur,NA,10000,10000
Tamilnadu,Virudhunagar,Aruppukottai,NA,5000,5000
Tamilnadu,Villupuram,Chinnasalem,NA,15000,15000
Tamilnadu,Villupuram,Villupuram,20000,0,20000
Tamilnadu,Cuddalore,Cuddalore,NA,15000,15000
Tamilnadu,Krishnagiri,Hosur,NA,15000,15000
Tamilnadu,Sivagangai,Karaikudi,NA,15000,15000
Tamilnadu,Tuticorin,Kovilpatti,NA,5000,5000
Tamilnadu,Kancheepuram,Maduranthagam,NA,15000,15000
Tamilnadu,Kancheepuram,Maduranthagam,NA,5000,5000
Tamilnadu,Namakkal,Namakkal,NA,15000,15000
Tamilnadu,Thiruvanamalai,Thiruvanamalai,NA,20000,20000
Tamilnadu,Virudhnagar,Virudhnagar,NA,5000,5000
Total,Total,Total,20000,140000,160000
Jharkhand,Chatra,Chatra,NA,5000,5000
Jharkhand,E. Singbhum,E. Singhum-Chakulia,NA,15000,15000
Jharkhand,Hazaribagh,Hazaribagh,NA,15000,15000
Jharkhand,Jamtara,Jamtara,NA,5000,5000
Jharkhand,Latehar,Latehar,NA,5000,5000
Jharkhand,Ramgarh,Ramgarh,NA,5000,5000
Jharkhand,Ramgarh,Ramgarh,NA,10000,10000
Jharkhand,Saraikela,Saraikela,NA,5000,5000
Jharkhand,Ranchi,Ranchi,NA,15000,15000
Jharkhand,Koderma,Koderma,NA,15000,15000
Jharkhand,Deoghar,Madhupur,NA,5000,5000
Jharkhand,Dhanbad,Dhanbad,NA,13000,13000
Total,Total,Total,0,113000,113000
Jammu & Kashmir,Badgam,Badgam,NA,15000,15000
Jammu & Kashmir,Jammu,Jammu,NA,10000,10000
Jammu & Kashmir,Leh,Leh,NA,8340,8340
Jammu & Kashmir,Samba,Vijaypur/Samba,NA,25000,25000
Jammu & Kashmir,Baramula,Baramula,NA,20000,20000
Jammu & Kashmir,Doda,Khilani (Doda),NA,5000,5000
Jammu & Kashmir,Rajouri,Rajouri,NA,8340,8340
Jammu & Kashmir,Kishtwar,Kishtwar,NA,5000,5000
Jammu & Kashmir,Srinagar,Srinagar,NA,17500,17500
Jammu & Kashmir,Udhampur,Udhampur,NA,5000,5000
Jammu & Kashmir,Kathua,Kathua,NA,8000,8000
Total,Total,Total,0,127180,127180
Kerala,Pathanamthitta,Kunnamthanam,NA,5000,5000
Total,Total,Total,0,5000,5000
Gujarat,Ananad,Vadod,NA,4800,4800
Gujarat,Junagarh,Junagarh,NA,25000,25000
Gujarat,Kheda,Nadiad,NA,5000,5000
Gujarat,Tapi,Vyara,NA,15000,15000
Total,Total,Total,0,49800,49800
Grand Total,Grand Total,Grand Total,295000,12814378,13109378
